name,email,password
Ana Silva,ana.silva01@example.com,P@ssw0rd01
Bruno Oliveira,bruno.oliveira02@example.com,P@ssw0rd02
Camila Santos,camila.santos03@example.com,P@ssw0rd03
Daniel Costa,daniel.costa04@example.com,P@ssw0rd04
Eduardo Pereira,eduardo.pereira05@example.com,P@ssw0rd05
Fernanda Almeida,fernanda.almeida06@example.com,P@ssw0rd06
Gabriela Rodrigues,gabriela.rodrigues07@example.com,P@ssw0rd07
Henrique Fernandes,henrique.fernandes08@example.com,P@ssw0rd08
Isabella Rocha,isabella.rocha09@example.com,P@ssw0rd09
Joao Carvalho,joao.carvalho10@example.com,P@ssw0rd10
Karina Gomes,karina.gomes11@example.com,P@ssw0rd11
Lucas Martins,lucas.martins12@example.com,P@ssw0rd12
Marina Lopes,marina.lopes13@example.com,P@ssw0rd13
Nicolas Moreira,nicolas.moreira14@example.com,P@ssw0rd14
Olivia Ribeiro,olivia.ribeiro15@example.com,P@ssw0rd15
Pedro Nascimento,pedro.nascimento16@example.com,P@ssw0rd16
Rafael Dias,rafael.dias17@example.com,P@ssw0rd17
Sofia Castro,sofia.castro18@example.com,P@ssw0rd18
Tiago Araujo,tiago.araujo19@example.com,P@ssw0rd19
Ulisses Batista,ulisses.batista20@example.com,P@ssw0rd20
Vanessa Cunha,vanessa.cunha21@example.com,P@ssw0rd21
William Souza,william.souza22@example.com,P@ssw0rd22
Ximena Melo,ximena.melo23@example.com,P@ssw0rd23
Yuri Campos,yuri.campos24@example.com,P@ssw0rd24
Zelia Teixeira,zelia.teixeira25@example.com,P@ssw0rd25
Andre Pinto,andre.pinto26@example.com,P@ssw0rd26
Beatriz Cardoso,beatriz.cardoso27@example.com,P@ssw0rd27
Caio Freitas,caio.freitas28@example.com,P@ssw0rd28
Denise Monteiro,denise.monteiro29@example.com,P@ssw0rd29
Everton Rocha,everton.rocha30@example.com,P@ssw0rd30
Fabiana Miranda,fabiana.miranda31@example.com,P@ssw0rd31
Gustavo Reis,gustavo.reis32@example.com,P@ssw0rd32
Heloisa Barros,heloisa.barros33@example.com,P@ssw0rd33
Igor Lima,igor.lima34@example.com,P@ssw0rd34
Juliana Nogueira,juliana.nogueira35@example.com,P@ssw0rd35
Kleber Duarte,kleber.duarte36@example.com,P@ssw0rd36
Larissa Pinho,larissa.pinho37@example.com,P@ssw0rd37
Marcelo Furtado,marcelo.furtado38@example.com,P@ssw0rd38
Natalia Monte,natalia.monte39@example.com,P@ssw0rd39
Otavio Braga,otavio.braga40@example.com,P@ssw0rd40
Priscila Vidal,priscila.vidal41@example.com,P@ssw0rd41
Ricardo Sampaio,ricardo.sampaio42@example.com,P@ssw0rd42
Sabrina Farias,sabrina.farias43@example.com,P@ssw0rd43
Thiago Moutinho,thiago.moutinho44@example.com,P@ssw0rd44
Ursula Xavier,ursula.xavier45@example.com,P@ssw0rd45
Vitor Andrade,vitor.andrade46@example.com,P@ssw0rd46
Wagner Leal,wagner.leal47@example.com,P@ssw0rd47
Yasmin Rios,yasmin.rios48@example.com,P@ssw0rd48
Zoe Pinto,zoe.pinto49@example.com,P@ssw0rd49
Zeca Silva,zeca.silva50@example.com,P@ssw0rd50